{
	"schemaVersion": 1,
	"id": "extrablocks",
	"version": "${version}",
	"name": "ExtraBlocks",
	"description": "This is an example description! Tell everyone what your mod is about!",
	"authors": [
		"Me!"
	],
	"contact": {
		"homepage": "https://fabricmc.net/",
		"sources": "https://github.com/FabricMC/fabric-example-mod"
	},
	"license": "CC0-1.0",
	"icon": "assets/extrablocks/icon.png",
	"environment": "*",
	"entrypoints": {
		"main": [
			"holum.extrablocks.ExtraBlocks"
		],
		"fabric-datagen": [
			"holum.extrablocks.ExtraBlocksDataGenerator"
		]
	},
	"mixins": [
		"extrablocks.mixins.json"
	],
	"depends": {
		"fabricloader": ">=0.15.0",
		"minecraft": "~1.20.2",
		"java": ">=17",
		"fabric-api": "*"
	},
	"suggests": {
		"another-mod": "*"
	}
}